# SOURMASH-MANIFEST-VERSION: 1.0
internal_location,md5,md5short,ksize,moltype,num,scaled,n_hashes,with_abundance,name,filename
signatures/4adcac301fec8532cb3d384c0bc239d9.sig.gz,4adcac301fec8532cb3d384c0bc239d9,4adcac30,31,DNA,0,1000,37,False,"CP001071.1 Akkermansia muciniphila ATCC BAA-835, complete genome",examples/subdir/2.fa.gz
signatures/4adcac301fec8532cb3d384c0bc239d9.sig.gz,4adcac301fec8532cb3d384c0bc239d9,4adcac30,31,DNA,0,1000,37,False,"CP001071.1 Akkermansia muciniphila ATCC BAA-835, complete genome",examples/subdir/2.fa.gz
signatures/4adcac301fec8532cb3d384c0bc239d9.sig.gz,4adcac301fec8532cb3d384c0bc239d9,4adcac30,31,DNA,0,1000,37,False,"CP001071.1 Akkermansia muciniphila ATCC BAA-835, complete genome",examples/subdir/2.fa.gz
signatures/4adcac301fec8532cb3d384c0bc239d9.sig.gz,4adcac301fec8532cb3d384c0bc239d9,4adcac30,31,DNA,0,1000,37,0,"CP001071.1 Akkermansia muciniphila ATCC BAA-835, complete genome",examples/subdir/2.fa.gz
